objid,ra,dec,u,g,r,i,z,petroRad_r,petroR50_r,petroR90_r,deVAB_r,expAB_r,lnLDeV_r,lnLExp_r,lnLStar_r,fracDeV_r,redshift,zErr,velDisp,velDispErr,gz2_objid,gz2_ra,gz2_dec,total_votes_gz2,t01_smooth_or_features_a01_smooth_fraction,t01_smooth_or_features_a02_features_or_disk_fraction,t01_smooth_or_features_a03_star_or_artifact_fraction,t03_bar_a06_bar_fraction,t03_bar_a07_no_bar_fraction,t04_spiral_a08_spiral_fraction,t04_spiral_a09_no_spiral_fraction,morph_class
1237648720156950769,179.965885437338,-1.0425528668644,20.27436,18.14085,16.96156,16.48298,16.14674,4.53094,1.907437,5.9171,0.8880588,0.9041287,-18.71865,-889.3398,-8617.596,0.9437211,0.1671535,2.250465e-05,200.4204,8.999778,588848898838888713,179.96588134765625,-1.0425559282302856,161,0.8980000019073486,0.0410000011324882,0.0610000006854534,0.0,1.0,0.0,1.0,Elliptical
1237648720157081698,180.151337225782,-0.979024699232339,18.73031,16.92396,16.07619,15.69624,15.39467,4.216959,1.836011,5.854736,0.6527269,0.6367007,-260.5829,-5381.438,-20766.72,1.0,0.06035833,1.170306e-05,151.7773,4.574716,588848898839019528,180.15133666992188,-0.9790257811546326,127,0.8809999823570251,0.0480000004172325,0.0710000023245811,0.0,1.0,0.0,1.0,Elliptical
1237648720694018149,180.362532423057,-0.447288059050575,19.69131,17.71016,16.55649,16.09995,15.74558,7.056043,3.008603,8.550096,0.8209168,0.8713762,-86.4568,-1413.882,-12629.48,0.9239777,0.1685821,3.012838e-05,207.621,11.13355,588848899375956096,180.36253356933597,-0.4472880363464355,135,0.9089999794960022,0.0230000000447034,0.0680000036954879,1.0,0.0,1.0,0.0,Elliptical
1237648720694018167,180.393637887057,-0.494671298923283,19.59569,17.78645,16.82101,16.40717,16.04906,5.722434,2.411439,7.659513,0.8290499,0.8561415,-46.47424,-1338.005,-9181.213,1.0,0.1198591,2.061931e-05,137.4208,7.339064,588848899375956010,180.3936309814453,-0.4946718215942383,139,0.8500000238418579,0.125,0.025000000372529,0.0,1.0,0.0,1.0,Elliptical
1237648720694083665,180.443170347732,-0.487592216268361,20.24885,18.25982,17.02245,16.5202,16.18198,5.701744,2.310874,7.265449,0.7766176,0.7747079,-30.70403,-1272.462,-7700.671,1.0,0.1678391,3.316163e-05,258.9212,11.73982,588848899376021580,180.44317626953125,-0.4875923693180084,144,0.8220000267028809,0.0890000015497207,0.0890000015497207,0.0,1.0,0.0,1.0,Elliptical
1237648720694083696,180.496629144401,-0.427449686104098,19.65106,17.64081,16.57663,16.12663,15.75204,5.201443,2.217863,7.099286,0.9477513,0.8886507,-51.96209,-1720.587,-14179.66,0.967701,0.1202664,2.413624e-05,231.6754,10.22792,588848899376021614,180.4966278076172,-0.4274492561817169,117,0.949999988079071,0.0,0.050000000745058,0.0,0.0,0.0,0.0,Elliptical
1237648720694542537,181.622596856942,-0.557729288836764,19.0519,17.26076,16.39736,15.99386,15.67364,3.333068,1.577199,4.09676,0.4592156,0.4908936,-739.4317,-622.6876,-20362.32,0.590789,0.09527726,1.6912e-05,196.3977,8.401555,588848899376480335,181.6226043701172,-0.5577306747436523,138,0.9300000071525574,0.0230000000447034,0.0469999983906745,0.0,1.0,0.0,1.0,Elliptical
1237648721230823776,180.275790063606,-0.117109162313243,19.29219,17.9463,16.86847,16.42362,16.08841,4.478352,1.900799,6.117344,0.7065953,0.7201715,-90.34296,-1921.212,-9406.999,1.0,0.1651028,2.898745e-05,280.7012,12.31571,588848899912761447,180.2757873535156,-0.1171143278479576,142,0.977999985218048,0.0219999998807907,0.0,1.0,0.0,0.0,1.0,Elliptical
1237648721230889136,180.331286598997,-0.108861712157105,18.8545,17.58708,16.68156,16.27181,15.93472,8.535885,3.397187,8.080424,0.8625818,0.8331667,-420.3046,-901.0013,-9194.654,0.6564904,0.1620177,1.916787e-05,68.70117,9.304527,588848899912827080,180.33128356933597,-0.1088650077581405,316,0.1140000000596046,0.8640000224113464,0.0230000000447034,0.1620000004768371,0.8379999995231628,0.8650000095367432,0.135000005364418,Spiral
1237648721231085724,180.813988692598,-0.188706136434217,19.3444,17.5352,16.61515,16.23148,15.90975,5.531219,2.195029,6.701599,0.8200179,0.8457654,-172.8431,-2877.67,-12988.28,1.0,0.1108167,1.776544e-05,180.8478,7.234248,588848899913023696,180.81399536132807,-0.1887024641036987,139,0.8859999775886536,0.0680000036954879,0.0450000017881393,0.0,1.0,0.0,1.0,Elliptical
1237648720156491944,178.889991116588,-0.922495890325516,18.7058,17.45178,16.73883,16.32901,16.08191,4.723198,2.306405,4.954201,0.5715753,0.6111487,-1980.631,-162.0771,-18529.85,0.03862986,0.1211588,1.149512e-05,147.5555,14.37857,588848898838429861,178.88999938964844,-0.9225017428398132,145,0.800000011920929,0.0890000015497207,0.1110000014305114,0.0,1.0,0.5,0.5,Elliptical
1237648720693428393,179.025961751945,-0.515562654779728,19.68798,17.79238,16.80333,16.38377,16.00445,4.319364,1.805025,5.568945,0.7055843,0.7662921,-61.96802,-1848.984,-9571.128,1.0,0.1069132,2.642968e-05,191.688,11.21234,588848899375366322,179.0259552001953,-0.5155655145645142,136,0.9290000200271606,0.0480000004172325,0.0240000002086162,0.0,1.0,0.5,0.5,Elliptical
1237648720693756163,179.718015380018,-0.530204164688646,19.78697,17.76209,16.58889,16.07994,15.64151,6.00343,2.43101,7.975539,0.5226246,0.5602124,-288.8112,-3099.604,-12530.33,1.0,0.1250898,1.926676e-05,237.9528,7.868229,588848899375694050,179.718017578125,-0.5302121639251709,173,0.8159999847412109,0.1840000003576278,0.0,0.0,1.0,0.3330000042915344,0.6669999957084656,Elliptical
1237648720693821516,179.923439565495,-0.531649711836704,19.90973,17.73716,16.49334,15.98092,15.62816,7.740705,3.110738,10.20882,0.9456764,0.9086019,-123.7496,-3008.872,-14014.53,1.0,0.1782399,2.439585e-05,288.021,10.18066,588848899375759449,179.92344665527344,-0.5316566824913025,137,0.8410000205039978,0.0680000036954879,0.090999998152256,0.0,1.0,0.0,1.0,Elliptical
1237648720693821697,179.840390927549,-0.512238556910217,19.06605,17.17739,16.24429,15.8093,15.46751,5.723658,2.454051,7.743935,0.7652818,0.8141491,-145.8987,-3964.724,-18943.87,1.0,0.08147936,1.462162e-05,190.667,6.599537,588848899375759552,179.84039306640625,-0.5122455358505249,148,0.8289999961853027,0.0979999974370002,0.0729999989271164,0.0,1.0,0.0,1.0,Elliptical
1237648720693821710,179.85927482977,-0.43209395825067,19.20374,17.61608,16.89959,16.4966,16.21771,4.831088,2.176205,6.175359,0.619058,0.6278251,-98.67181,-965.742,-9447.363,0.8926439,0.08288149,1.425588e-05,94.68253,8.3919,588848899375759565,179.85928344726562,-0.4321016669273376,155,0.8500000238418579,0.1500000059604644,0.0,0.0,1.0,0.1669999957084655,0.8330000042915344,Elliptical
1237648720693887114,179.998441209699,-0.464161711738539,19.95892,17.96223,17.03649,16.61989,16.28059,4.579747,1.842111,5.627126,0.7091963,0.7389574,-65.41312,-1397.167,-7631.366,1.0,0.0803973,1.877595e-05,148.5316,7.688865,588848899375825027,179.9984588623047,-0.4641708135604858,158,0.8669999837875366,0.1330000013113021,0.0,0.0,1.0,0.1669999957084655,0.8330000042915344,Elliptical
1237648720693887193,180.056454505054,-0.421827907811314,19.76724,17.74265,16.78088,16.35669,16.01927,3.554487,1.527296,4.37009,0.7404022,0.7815266,-204.9214,-1757.069,-9870.219,1.0,0.07673916,1.625909e-05,168.3212,6.614804,588848899375825096,180.05645751953125,-0.421838104724884,153,0.9110000133514404,0.0439999997615814,0.0439999997615814,0.0,1.0,0.0,1.0,Elliptical
1237648720156295372,178.456887265556,-0.917471213929582,20.00043,17.94506,16.88783,16.41964,16.06069,9.902812,3.825727,12.52214,0.8499329,0.8437534,-308.1835,-2432.489,-8460.756,1.0,0.1322944,2.849745e-05,196.03,11.23533,588848898838233276,178.45687866210938,-0.91746723651886,207,0.843999981880188,0.0939999967813491,0.061999998986721,0.0,1.0,0.1669999957084655,0.8330000042915344,Elliptical
1237648720156426412,178.72493627837,-0.964365122625057,17.5959,16.28216,15.61181,15.25247,15.0168,12.14072,5.357722,13.87021,0.7058275,0.677323,-814.6015,-1978.996,-26062.55,0.5681911,0.06385551,1.626306e-05,86.88047,8.369081,588848898838364324,178.72494506835938,-0.9643610715866088,440,0.0350000001490116,0.9470000267028807,0.0179999992251396,0.0579999983310699,0.9419999718666076,1.0,0.0,Spiral
1237648720693100709,178.323779713469,-0.431687326232687,19.86248,17.98657,16.97325,16.55586,16.17814,3.443963,1.508591,4.654538,0.7881656,0.8175693,-36.4784,-1521.806,-8387.011,1.0,0.1303443,2.386597e-05,219.1167,9.772735,588848899375038653,178.3237762451172,-0.4316867589950561,158,0.8600000143051147,0.0599999986588954,0.0799999982118606,0.3330000042915344,0.6669999957084656,0.6669999957084656,0.3330000042915344,Elliptical
1237648720693231789,178.607790336411,-0.472048645585959,18.86171,17.1336,16.36422,16.00438,15.73102,5.154258,2.165758,6.911065,0.5397798,0.5322793,-63.3465,-2440.02,-17704.97,1.0,0.05142741,1.615066e-05,104.5864,6.036028,588848899375169693,178.6077880859375,-0.4720471501350403,149,0.8510000109672546,0.0850000008940696,0.0640000030398368,0.0,1.0,0.0,1.0,Elliptical
1237648720693297454,178.774256396749,-0.460328811594414,20.03736,18.00624,16.95009,16.52234,16.13736,2.873255,1.313234,3.909739,0.3829937,0.4200811,-39.01014,-1206.187,-7962.547,1.0,0.1281392,2.948162e-05,265.0314,11.2298,588848899375235319,178.77426147460938,-0.460330605506897,144,0.912999987602234,0.0649999976158142,0.0219999998807907,0.0,1.0,0.0,1.0,Elliptical
1237648720693362808,178.806888651347,-0.526100771679417,19.35856,17.40736,16.27258,15.83168,15.46183,9.183779,3.659596,10.41452,0.7624544,0.8125142,-84.56232,-1970.569,-16217.72,0.9835452,0.1321506,2.728394e-05,221.8154,11.49074,588848899375300736,178.806884765625,-0.5261030793190002,140,0.8500000238418579,0.125,0.025000000372529,0.0,1.0,0.2000000029802322,0.800000011920929,Elliptical
1237648720693362830,178.818070459061,-0.505664005724636,20.34624,18.16969,17.03712,16.56496,16.13541,4.817709,2.019303,6.999235,0.8226438,0.8055646,-266.716,-2042.525,-6769.387,1.0,0.1320309,3.138523e-05,276.3326,12.94581,588848899375300758,178.8180694580078,-0.5056659579277039,119,0.925000011920929,0.025000000372529,0.050000000745058,0.0,1.0,0.0,1.0,Elliptical
1237648721229906078,178.053663204824,-0.114117888016034,18.028,16.51442,15.80577,15.41082,15.13944,12.1554,4.626869,11.83739,0.8335163,0.7836824,-1125.359,-3261.4,-26382.32,0.7362225,0.07699241,1.255719e-05,110.6869,8.044723,588848899911844020,178.0536651611328,-0.1141217574477195,303,0.0949999988079071,0.8809999823570251,0.0240000002086162,0.1430000066757202,0.8569999933242798,0.8289999961853027,0.1710000038146972,Spiral
1237648721229906141,178.119757639806,-0.138050950650042,19.37677,17.50874,16.45708,16.03432,15.67767,5.514022,2.319892,7.828091,0.8087319,0.8221133,-64.5041,-2992.13,-17158.23,1.0,0.1275653,2.008805e-05,228.0204,8.22326,588848899911844090,178.11976623535156,-0.1380539983510971,131,0.8840000033378601,0.0469999983906745,0.0700000002980232,0.0,1.0,0.0,1.0,Elliptical
1237648721230954739,180.549695680274,-0.0521311415521439,19.8151,17.81467,16.82938,16.41791,16.05527,3.506324,1.540176,4.769905,0.7294164,0.7658009,-23.91582,-1778.653,-10532.78,1.0,0.1092479,1.657493e-05,203.1325,6.381723,588848899912892720,180.5496826171875,-0.0521329417824745,130,0.9330000281333924,0.0,0.06700000166893,0.0,0.0,0.0,0.0,Elliptical
1237648720156819600,179.55493508417,-1.04682885346539,19.15526,17.25218,16.25028,15.83435,15.49889,4.340037,1.896364,6.168543,0.5695255,0.5633054,-269.381,-4435.362,-16812.0,1.0,0.1209014,2.108467e-05,231.1967,7.89534,588848898838757526,179.554931640625,-1.0468350648880005,135,0.9520000219345092,0.0480000004172325,0.0,0.0,1.0,0.0,1.0,Elliptical
1237648720157540438,181.201059402132,-0.962899848580507,19.78849,17.6966,16.72751,16.30149,15.97148,3.488968,1.53971,4.362047,0.7175324,0.7613471,-139.7144,-1358.704,-10535.56,0.9717671,0.08232542,2.341706e-05,187.4053,8.554162,588848898839478352,181.20106506347656,-0.9628982543945312,188,0.8220000267028809,0.1560000032186508,0.0219999998807907,0.0,1.0,0.0,1.0,Elliptical
1237648721230692532,179.928178814,-0.0478116591307641,19.67413,17.69715,16.74007,16.27748,15.90477,4.811201,2.072035,6.705849,0.7889779,0.7749256,-14.63236,-1756.311,-12428.6,1.0,0.1081091,1.930804e-05,198.5295,8.192212,588848899912630458,179.9281768798828,-0.047812920063734,142,0.9049999713897704,0.0949999988079071,0.0,0.0,1.0,0.25,0.75,Elliptical
1237648721231216744,181.035516475602,-0.113231734714598,18.70879,16.90718,16.09038,15.70497,15.40131,3.469432,1.505728,4.91444,0.6908641,0.6111171,-880.9892,-6572.298,-20140.87,1.0,0.0626367,1.647604e-05,182.2048,6.372808,588848899913154571,181.0355224609375,-0.1132271215319633,140,0.8100000023841858,0.1430000066757202,0.0480000004172325,0.800000011920929,0.2000000029802322,0.0,1.0,Elliptical
1237648721767563389,179.895765767824,0.343291107701103,19.09117,17.66682,16.99706,16.61103,16.42002,6.943861,3.567106,6.723813,0.6620072,0.6939591,-1208.049,-484.8641,-10836.21,0.1031231,0.1080196,8.397066e-06,88.93016,12.98733,588848900449501345,179.89576721191406,0.3432888686656952,242,0.1180000007152557,0.8529999852180481,0.0289999991655349,0.2860000133514404,0.7139999866485596,0.9639999866485596,0.0359999984502792,Spiral
1237648720693952587,180.137932307361,-0.543522149346502,19.13686,17.68673,16.92175,16.51528,16.22132,5.76998,2.744383,5.900284,0.5499237,0.5779698,-1189.96,-176.8028,-13536.18,0.1213204,0.08375306,1.739186e-05,136.9734,16.11994,588848899375890517,180.137939453125,-0.5435277819633484,151,0.8180000185966492,0.1360000073909759,0.0450000017881393,0.0,1.0,0.6000000238418579,0.4000000059604645,Elliptical
1237648720693952601,180.143770456399,-0.552372782072934,19.3272,17.31053,16.33996,15.90287,15.54023,4.301495,1.900447,5.845296,0.6194725,0.6159359,-16.20002,-2797.314,-16695.73,1.0,0.08400331,1.484608e-05,172.4863,5.935582,588848899375890534,180.14376831054688,-0.5523783564567566,136,0.9049999713897704,0.0949999988079071,0.0,0.0,1.0,0.5,0.5,Elliptical
1237648720694083747,180.543947890728,-0.588891689414106,19.76196,17.65461,16.65547,16.20892,15.8475,4.380023,1.811936,5.961973,0.7106437,0.7867335,-268.9902,-2514.283,-12236.51,1.0,0.09397519,2.383508e-05,196.9851,9.66137,588848899376021660,180.5439453125,-0.5888928771018982,140,0.9070000052452089,0.0700000002980232,0.0230000000447034,0.0,1.0,0.3330000042915344,0.6669999957084656,Elliptical
1237648721230692538,179.929061350764,-0.040068657319958,20.08202,17.96983,16.97005,16.51754,16.16956,5.803589,2.296125,7.768072,0.5895569,0.5919503,-401.2844,-2829.923,-8745.396,1.0,0.1089733,3.370933e-05,198.7809,12.24751,588848899912630457,179.92906188964844,-0.0400697812438011,150,0.824999988079071,0.1749999970197677,0.0,0.0,1.0,0.6669999957084656,0.3330000042915344,Elliptical
1237648721230823569,180.18769604337,-0.16409285054786,20.50369,18.23083,17.01759,16.53623,16.16943,4.227072,1.783848,5.550133,0.8972654,0.8615268,-20.78472,-1319.14,-7819.268,1.0,0.1630622,3.624487e-05,269.2553,14.08462,588848899912761510,180.1876983642578,-0.1640950739383697,140,0.9330000281333924,0.0219999998807907,0.0439999997615814,0.0,1.0,0.0,1.0,Elliptical
1237648721231413438,181.508091336374,-0.0237724626292076,18.92145,17.66288,16.95821,16.55782,16.31484,4.372116,2.119668,5.124356,0.8689261,0.8786958,-1270.375,-67.46579,-15721.88,0.1286087,0.1040627,9.467947e-06,100.988,12.25496,588848899913351332,181.50808715820312,-0.0237697307020425,122,0.9070000052452089,0.0,0.0930000022053718,0.0,0.0,0.0,0.0,Elliptical
1237648721767628921,180.000002112472,0.414892810314718,19.50043,17.63478,16.67795,16.23649,15.87566,5.030484,2.13593,7.080846,0.912137,0.956296,-400.1853,-3373.939,-11569.21,1.0,0.0857684,2.605964e-05,178.5189,11.16842,588848900449566871,180.0,0.4148862361907959,143,0.9330000281333924,0.0439999997615814,0.0219999998807907,0.0,1.0,0.0,1.0,Elliptical
1237648721767760005,180.374550557902,0.35133402314153,19.38721,17.48886,16.51007,16.0798,15.71995,5.421003,2.335588,7.882856,0.9050355,0.8804901,-112.4435,-2972.47,-14751.88,1.0,0.1050408,2.774283e-05,186.9162,9.599227,588848900449697955,180.3745574951172,0.3513382077217102,132,0.8539999723434448,0.0979999974370002,0.0489999987185001,0.5,0.5,0.0,1.0,Elliptical
1237648721768153189,181.181339124189,0.256959972903933,19.4666,17.53652,16.39697,15.95339,15.61715,8.493464,3.351309,10.83883,0.8577487,0.8715301,-202.1392,-3379.642,-15520.46,1.0,0.1579932,3.456918e-05,245.9173,13.70604,588848900450091105,181.18133544921875,0.2569592297077179,143,0.8410000205039978,0.1140000000596046,0.0450000017881393,0.0,1.0,0.0,1.0,Elliptical
1237648721768153234,181.257289313658,0.36339864057139,19.42961,17.47423,16.47305,16.05398,15.69512,4.33667,1.903039,5.758365,0.5089449,0.505348,-111.507,-2182.26,-15600.35,0.9911856,0.1018424,2.406046e-05,222.6584,10.01699,588848900450091157,181.2572784423828,0.3633967339992523,142,0.912999987602234,0.0649999976158142,0.0219999998807907,0.0,1.0,0.0,1.0,Elliptical
1237648721768415368,181.786924536802,0.406420367823638,19.01916,17.30886,16.46382,16.0544,15.75863,4.917979,2.195192,6.47788,0.8592457,0.8245274,-65.63219,-2140.865,-15711.84,0.969054,0.09181108,1.537756e-05,157.5619,12.41822,588848900450353291,181.78692626953125,0.4064183235168457,172,0.8370000123977661,0.1430000066757202,0.0199999995529651,0.0,1.0,0.1669999957084655,0.8330000042915344,Elliptical
1237648720156623012,179.166882971491,-0.984444303990676,19.86198,17.56833,16.4575,16.00482,15.64223,7.627486,2.981164,9.203506,0.7668394,0.780927,-153.6323,-2632.533,-13423.3,1.0,0.1268452,2.196341e-05,261.1538,8.360879,588848898838560930,179.16688537597656,-0.9844527244567872,138,0.9020000100135804,0.0489999987185001,0.0489999987185001,0.0,1.0,0.0,1.0,Elliptical
1237648720156688532,179.276451558667,-0.977204616613808,18.01265,16.12985,15.223,14.81275,14.48419,8.543364,3.504376,11.6216,0.9315759,0.914485,-488.4661,-11881.97,-49047.84,1.0,0.07698749,1.151541e-05,222.087,5.62477,588848898838626344,179.27645874023438,-0.9771960973739624,171,0.8510000109672546,0.1490000039339065,0.0,0.0,1.0,0.0,1.0,Elliptical
1237648720693166121,178.405631649664,-0.600901681227733,18.21041,17.10015,16.46761,16.10159,15.86663,3.33911,1.539066,4.949558,0.675794,0.6659089,-370.0503,-3066.055,-14638.97,1.0,0.1260788,7.011634e-06,142.4746,8.115426,588848899375104042,178.40562438964844,-0.6009008288383484,274,0.135000005364418,0.8650000095367432,0.0,0.25,0.75,0.906000018119812,0.0939999967813491,Spiral
1237648720693559919,179.286116221401,-0.612906786638146,20.0375,17.9733,16.86278,16.40221,16.00694,4.025694,1.849417,5.587989,0.8313216,0.8408275,-23.77691,-951.4428,-9052.144,0.9370572,0.1308018,2.845201e-05,270.6162,10.16129,588848899375497413,179.28611755371094,-0.6128915548324585,137,0.9110000133514404,0.0439999997615814,0.0439999997615814,0.0,1.0,0.0,1.0,Elliptical
1237648720693624962,179.497026816642,-0.484043943685802,19.59906,17.62351,16.55051,16.11712,15.74296,8.493155,3.50475,10.6393,0.6985502,0.6949006,-110.0336,-2067.877,-11599.46,1.0,0.125779,2.225725e-05,189.8208,8.735999,588848899375562904,179.4970245361328,-0.4840457737445831,103,0.8059999942779541,0.1289999932050705,0.0649999976158142,0.0,1.0,0.0,1.0,Elliptical
1237648720693690377,179.541880151143,-0.540053517940717,19.91776,17.81027,16.72541,16.30199,15.92289,5.824152,2.408353,7.764275,0.9311888,0.8816253,-230.0757,-2713.907,-9762.907,1.0,0.1244486,1.896174e-05,227.3492,7.927741,588848899375628458,179.54188537597656,-0.5400604009628296,124,0.8840000033378601,0.0230000000447034,0.0930000022053718,0.0,1.0,0.0,1.0,Elliptical
1237648721230561471,179.586876675198,-0.0847505304450485,20.1311,17.96851,16.93082,16.4898,16.12794,4.660374,2.003829,6.027602,0.7491303,0.8138151,-26.3863,-1448.789,-9112.338,1.0,0.10595,2.266782e-05,174.5262,8.941967,588848899912499408,179.58688354492188,-0.0847589671611785,166,0.9350000023841858,0.0430000014603138,0.0219999998807907,0.0,1.0,0.0,1.0,Elliptical
1237648721230561496,179.603262545789,-0.0738253894116274,19.00153,16.91901,15.87448,15.44554,15.11299,8.582342,3.484784,11.2941,0.7471116,0.727388,-166.4606,-5242.678,-29368.21,1.0,0.1072874,1.719442e-05,235.6689,7.384139,588848899912499425,179.60325622558594,-0.0738308727741241,140,0.8460000157356262,0.1280000060796737,0.0260000005364418,0.4000000059604645,0.6000000238418579,0.4000000059604645,0.6000000238418579,Elliptical
1237648721230823554,180.170477715339,-0.0391871008640089,19.76433,17.53522,16.4317,15.93675,15.52497,4.657283,1.981579,6.215074,0.5104978,0.5216488,-39.73144,-2796.549,-16625.19,1.0,0.09409562,1.767708e-05,259.1233,6.630405,588848899912761496,180.17047119140625,-0.0391873382031917,142,0.8809999823570251,0.1190000027418136,0.0,0.5,0.5,0.0,1.0,Elliptical
1237648722304303378,179.571853317114,0.767273537112532,18.06393,16.77441,16.16535,15.74095,15.51894,5.100277,2.611211,5.997231,0.7000078,0.794856,-4509.167,-1935.592,-33183.8,0.1940933,0.07802294,4.914069e-06,140.0847,6.762623,588848900986241217,179.5718536376953,0.7672709226608276,292,0.0,1.0,0.0,0.2290000021457672,0.7710000276565552,1.0,0.0,Spiral
1237648721231085704,180.783367018545,-0.0673266352594998,19.49545,17.78684,16.99465,16.63908,16.36818,2.602992,1.168806,3.12983,0.4178016,0.4619316,-137.5027,-754.2546,-7660.817,0.9143753,0.07526869,1.326913e-05,119.5464,5.174148,588848899913023661,180.7833709716797,-0.0673198476433754,140,0.8569999933242798,0.1190000027418136,0.0240000002086162,0.6669999957084656,0.3330000042915344,0.0,1.0,Elliptical
1237648721231347897,181.458438307313,-0.184454147274256,17.85313,16.48477,15.91462,15.55956,15.33079,7.835142,3.845461,8.542094,0.8218763,0.8181794,-4406.397,-1335.49,-39230.64,0.1466001,0.06163909,8.962613e-06,84.7524,10.60114,588848899913285870,181.45843505859372,-0.1844528168439865,257,0.1430000066757202,0.8569999933242798,0.0,0.0689999982714653,0.930999994277954,0.7239999771118164,0.2759999930858612,Irregular
1237648721231413494,181.599232325065,-0.0343028582332132,19.73698,17.77531,16.75665,16.33989,15.95399,4.337185,1.876451,6.209213,0.6455527,0.6870877,-124.7826,-2322.203,-11034.21,1.0,0.1169759,2.800487e-05,232.3421,11.36382,588848899913351381,181.59922790527344,-0.0343005992472171,146,0.8809999823570251,0.0949999988079071,0.0240000002086162,0.0,1.0,0.25,0.75,Elliptical
1237648721767891060,180.657348051927,0.269374821257845,19.4206,17.44215,16.43345,15.9979,15.61856,5.230234,2.236428,6.941101,0.7102091,0.756457,-65.84856,-2953.988,-15988.27,1.0,0.1043807,1.910306e-05,251.5553,8.471272,588848900449829000,180.6573486328125,0.2693801820278168,189,0.800000011920929,0.1800000071525573,0.0199999995529651,0.0,1.0,0.3000000119209289,0.699999988079071,Elliptical
1237648721767956514,180.791316291226,0.319245418718656,18.23926,16.83808,16.09584,15.69657,15.40769,5.619092,2.310102,6.625101,0.954853,0.9231998,-226.5332,-2736.712,-24752.47,0.871933,0.08648984,1.247308e-05,110.2476,5.665341,588848900449894444,180.79132080078125,0.319248229265213,145,0.9330000281333924,0.0439999997615814,0.0219999998807907,0.0,1.0,0.5,0.5,Elliptical
1237648722840977489,179.225933897596,1.09926679074225,18.10208,17.11242,16.60313,16.27641,16.05592,5.15381,2.332072,5.926539,0.3784091,0.38636,-1255.074,-694.7039,-19488.53,0.3991249,0.03944224,7.418451e-06,48.91912,9.000632,588848901522915437,179.22593688964844,1.0992690324783323,131,0.8569999933242798,0.0710000023245811,0.0710000023245811,0.3330000042915344,0.6669999957084656,0.0,1.0,Elliptical
1237650371555557469,179.689436326259,-1.80598711748797,19.79923,17.51644,16.69241,16.14418,15.82244,6.076432,2.923516,6.816243,0.3232068,0.3258974,-2315.752,-255.5885,-13973.9,0.0,0.08785474,2.282609e-05,0.0,0.0,587724650330652781,179.68943786621094,-1.805986762046814,113,0.9089999794960022,0.090999998152256,0.0,0.5,0.5,0.5,0.5,Elliptical
1237648722305220735,181.672980321661,0.698410410646141,19.5784,17.73265,16.80783,16.38387,16.05951,3.660541,1.521522,4.685929,0.5900003,0.5875921,-214.5891,-2059.891,-9710.874,1.0,0.08857077,2.053004e-05,170.2859,9.267307,588848900987158683,181.6729888916016,0.6984136700630188,145,0.8140000104904175,0.1400000005960464,0.0469999983906745,0.2000000029802322,0.800000011920929,0.2000000029802322,0.800000011920929,Elliptical
1237648722841436269,180.149102471614,1.20629659722686,18.60563,16.96035,16.13469,15.75626,15.44859,6.206605,2.826191,6.756015,0.4088913,0.4268091,-2911.978,-859.2045,-29733.4,0.2449093,0.04880829,1.747995e-05,99.87652,6.784017,588848901523374194,180.14910888671875,1.206299901008606,121,0.9760000109672546,0.0,0.0240000002086162,0.0,0.0,0.0,0.0,Elliptical
1237648722841567379,180.549584356987,1.16005238687237,19.00338,17.07707,16.17755,15.77007,15.44119,5.521309,2.391019,7.353034,0.5479273,0.553436,-77.01162,-2245.103,-20903.08,0.8864566,0.08476318,4.099712e-05,174.9188,16.30913,588848901523505308,180.54959106445312,1.1600559949874878,144,0.9319999814033508,0.0680000036954879,0.0,0.0,1.0,0.0,1.0,Elliptical
1237648722841829525,181.131787051897,1.12971637129535,19.12413,17.34538,16.49115,16.11584,15.84365,3.969979,1.75578,4.682903,0.510249,0.557196,-250.0207,-1533.99,-13989.97,0.8882788,0.0778308,1.838178e-05,125.3766,7.078053,588848901523767468,181.1317901611328,1.1297112703323364,148,0.890999972820282,0.1089999973773956,0.0,0.5,0.5,0.0,1.0,Elliptical
1237648722841895050,181.227686082576,1.23408278601321,18.6745,16.78882,15.82048,15.3617,14.99102,6.584548,2.810593,8.892129,0.8454581,0.8692977,-104.8711,-4764.626,-27265.93,1.0,0.07829467,2.72782e-05,262.9349,12.52736,588848901523832979,181.22769165039065,1.2340823411941528,124,0.8330000042915344,0.0480000004172325,0.1190000027418136,0.5,0.5,0.0,1.0,Elliptical
1237648722841960570,181.39721929726,1.07898272487791,19.11687,17.09272,16.11357,15.67134,15.34825,6.791277,2.824515,7.503516,0.6322405,0.6101162,-538.1368,-3087.952,-22026.02,0.8918124,0.07810145,2.330281e-05,171.2583,10.07041,588848901523898501,181.397216796875,1.0789836645126345,106,0.9089999794960022,0.090999998152256,0.0,0.0,1.0,0.0,1.0,Elliptical
1237648722841960606,181.44666213066,1.12718974530912,18.46404,16.50423,15.50529,15.08108,14.74053,9.138226,3.923581,12.83219,0.8737502,0.8557422,-240.5614,-8141.327,-37967.86,1.0,0.1129949,2.401614e-05,269.55,11.31675,588848901523898543,181.4466552734375,1.1271915435791016,134,0.9290000200271606,0.0710000023245811,0.0,0.0,1.0,0.0,1.0,Elliptical
1237650372092756108,180.543696594499,-1.38504580363113,19.00386,17.42984,16.64572,16.2368,15.95477,5.532397,2.504779,6.483369,0.6516881,0.6660439,-243.0426,-355.2565,-10320.88,0.5206496,0.09899558,2.014324e-05,121.612,11.16339,587724650867851406,180.543701171875,-1.3850504159927368,130,0.9520000219345092,0.0240000002086162,0.0240000002086162,0.0,1.0,0.0,1.0,Elliptical
1237648720156950762,179.963497350406,-0.858697172884088,18.0775,17.14544,16.85785,16.66489,16.5336,4.621808,2.189199,4.973871,0.5863792,0.5978625,-1993.136,-17.06233,-16848.6,0.0,0.03565402,6.324016e-06,39.81746,14.99788,588848898838888707,179.9635009765625,-0.8586918711662292,133,0.9769999980926514,0.0,0.0230000000447034,0.0,0.0,0.0,0.0,Elliptical
1237648721230364858,179.116469102641,-0.149325472991786,19.69543,17.65656,16.6272,16.18556,15.80273,4.433619,1.949066,6.062031,0.6191024,0.6354615,-21.06129,-1663.675,-13508.66,0.9951395,0.1066857,2.269535e-05,240.2936,9.84443,588848899912302762,179.11647033691406,-0.1493257135152816,135,0.8569999933242798,0.0949999988079071,0.0480000004172325,0.0,1.0,0.0,1.0,Elliptical
1237648721230430324,179.236127565259,-0.0867852531458146,19.95908,17.95473,16.90474,16.4585,16.08959,4.995546,2.074427,6.209518,0.9277191,0.9414991,-50.64605,-1584.54,-9071.162,1.0,0.1289537,2.314937e-05,149.0867,9.08706,588848899912368274,179.2361297607422,-0.0867794528603553,144,0.8600000143051147,0.1159999966621398,0.0230000000447034,0.0,1.0,0.0,1.0,Elliptical
1237648721230495913,179.417049789717,-0.0172726710772197,20.22606,17.99727,16.73754,16.25764,15.90898,7.919744,3.162691,9.299617,0.9033281,0.8837539,-209.2552,-2402.949,-10400.46,1.0,0.1689182,3.217127e-05,275.9888,13.12225,588848899912433826,179.41705322265625,-0.0172801204025745,141,0.8669999837875366,0.0439999997615814,0.0890000015497207,0.0,1.0,0.0,1.0,Elliptical
1237648721230495965,179.447109637116,-0.185315357510524,18.88056,17.53646,16.80132,16.42698,16.14111,7.050376,3.439538,6.926243,0.9242102,0.9201747,-1878.604,-234.9339,-14192.05,0.0,0.1260444,1.430699e-05,89.31511,10.79665,588848899912433866,179.44711303710938,-0.1853197067975998,240,0.061999998986721,0.906000018119812,0.0309999994933605,0.0359999984502792,0.9639999866485596,1.0,0.0,Spiral
1237650371555623026,179.875040666231,-1.84909184257628,18.30811,17.27847,16.88896,16.69743,16.50977,3.659712,1.583895,4.218009,0.6756812,0.6729727,-64.15556,-784.619,-9008.942,0.8715298,0.02099169,6.898925e-06,82.16524,12.97878,587724650330718278,179.8750457763672,-1.8490910530090328,130,0.8859999775886536,0.0230000000447034,0.090999998152256,0.0,1.0,0.0,1.0,Elliptical
1237650372092428359,179.733480997074,-1.43042392471121,18.22375,16.90561,16.28694,15.92177,15.67455,3.403153,1.620841,4.024087,0.6674126,0.6840167,-943.7914,-536.5948,-21834.33,0.5469365,0.05204817,5.16903e-06,88.53321,6.815039,587724650867523655,179.7334747314453,-1.4304286241531372,134,0.8889999985694885,0.0219999998807907,0.0890000015497207,0.0,1.0,1.0,0.0,Elliptical
1237650372092428495,179.759170744331,-1.31307863448772,18.50917,16.48411,15.54399,15.09459,14.72543,8.367994,3.756155,11.75539,0.6667749,0.664575,-134.8399,-3766.744,-33630.68,0.8493525,0.08118095,2.074948e-05,192.8123,9.096233,587724650867523794,179.75917053222656,-1.3130791187286377,122,0.8650000095367432,0.1080000028014183,0.0270000007003545,0.0,1.0,0.0,1.0,Elliptical
1237650372092493959,179.80850466802,-1.29867597813914,19.37717,17.57997,16.66917,16.21968,15.87863,4.916855,2.137231,6.681776,0.7020562,0.7374995,-77.69266,-1916.441,-9891.139,1.0,0.08216152,2.466141e-05,159.2177,9.389253,587724650867589261,179.80850219726562,-1.298677921295166,139,0.953000009059906,0.0469999983906745,0.0,0.0,1.0,0.0,1.0,Elliptical
1237648722304499850,180.033643942299,0.673853579944546,19.08097,16.97867,16.03858,15.60562,15.27561,5.37361,2.31283,7.10674,0.8170568,0.8721627,-62.12764,-4268.541,-24476.88,1.0,0.0855497,1.723119e-05,236.2324,7.083808,588848900986437801,180.0336456298828,0.673850417137146,147,0.9070000052452089,0.0700000002980232,0.0230000000447034,0.0,1.0,0.3330000042915344,0.6669999957084656,Elliptical
1237648722304565279,180.221230906184,0.813847609229611,19.09122,17.06855,16.1232,15.71519,15.34071,4.84223,2.153301,6.726532,0.6643379,0.6537576,-58.87162,-3327.333,-21490.94,1.0,0.0816094,1.741838e-05,218.9072,7.321466,588848900986503196,180.2212371826172,0.8138490915298462,154,0.8889999985694885,0.1110000014305114,0.0,0.4000000059604645,0.6000000238418579,0.2000000029802322,0.800000011920929,Elliptical
1237648722304630976,180.372735668131,0.667210891549791,19.20797,17.58644,16.69723,16.29304,15.9801,8.870788,3.568453,9.253131,0.5825967,0.5370774,-993.3874,-3660.043,-10662.35,1.0,0.1252062,2.306696e-05,143.5522,8.897234,588848900986568898,180.37274169921875,0.6672176122665405,364,0.061999998986721,0.8960000276565552,0.0419999994337558,0.3490000069141388,0.6510000228881836,0.9319999814033508,0.0680000036954879,Spiral
1237648722841108582,179.512560000851,1.09059114075208,19.19349,17.40345,16.54416,16.15325,15.86263,3.429415,1.566752,4.358005,0.4972092,0.5530684,-74.60789,-1263.468,-13727.35,0.8898169,0.06413198,1.246383e-05,127.3547,4.465808,588848901523046518,179.51255798339844,1.0905901193618774,136,0.9049999713897704,0.0710000023245811,0.0240000002086162,0.0,1.0,0.0,1.0,Elliptical
1237648722841108720,179.493810698254,1.06365888017177,19.40972,17.21497,16.17371,15.74147,15.37549,9.459944,3.765679,13.33178,0.8794612,0.9275573,-496.773,-5291.409,-19111.13,1.0,0.1325214,1.716829e-05,219.9713,7.061489,588848901523046634,179.49380493164062,1.0636581182479858,153,0.8119999766349792,0.1040000021457672,0.0829999968409538,0.0,1.0,0.0,1.0,Elliptical
1237648722841436320,180.210299307038,1.15764502115152,18.81319,16.73932,15.78901,15.37899,15.03727,4.493737,1.930064,6.138479,0.9097521,0.9588594,-315.7202,-6867.538,-26345.87,1.0,0.0785328,1.61631e-05,261.7592,6.692482,588848901523374235,180.21031188964844,1.1576467752456665,139,0.9549999833106996,0.0450000017881393,0.0,0.0,1.0,1.0,0.0,Elliptical
1237648722841764030,180.915810984511,1.20459090527824,18.90947,16.90329,15.942,15.51674,15.16121,7.604759,3.045639,10.65271,0.8758624,0.8545398,-252.3113,-5593.256,-24889.29,1.0,0.07795382,1.763258e-05,175.2274,7.118127,588848901523701966,180.91580200195312,1.2045818567276,166,0.8600000143051147,0.1000000014901161,0.0399999991059303,0.2000000029802322,0.800000011920929,0.2000000029802322,0.800000011920929,Elliptical
1237650372092362833,179.506022446685,-1.3792988778127,19.24121,17.32592,16.42026,16.00744,15.68261,4.788184,2.060926,5.712474,0.5749913,0.5834334,-157.1087,-1664.212,-14113.16,0.9263834,0.08048977,1.89163e-05,202.6549,8.071189,587724650867458138,179.5060272216797,-1.3792977333068848,127,0.9020000100135804,0.0729999989271164,0.0240000002086162,0.0,1.0,0.0,1.0,Elliptical
1237650372092428416,179.657948937791,-1.38552193329078,18.94904,17.43748,16.77629,16.39886,16.15181,6.28997,2.9865,6.271753,0.6939365,0.7131687,-1562.701,-81.1791,-12383.73,0.0,0.08367196,1.372035e-05,73.37458,13.03227,587724650867523722,179.65794372558594,-1.385521650314331,125,0.8330000042915344,0.1110000014305114,0.0560000017285347,0.75,0.25,0.75,0.25,Elliptical
1237650372092428431,179.682878929173,-1.3172717010143,19.22601,17.15312,16.18785,15.76933,15.41219,5.699607,2.465363,7.937101,0.6109403,0.5722893,-211.2972,-3777.334,-17371.52,1.0,0.1071973,2.386051e-05,260.0639,9.264705,587724650867523734,179.68287658691406,-1.317270040512085,132,0.8840000033378601,0.0700000002980232,0.0469999983906745,0.0,1.0,0.0,1.0,Elliptical
1237650762927243376,179.589796491969,-1.45842490361042,19.07224,17.10228,16.14645,15.71548,15.37337,6.699304,2.947732,7.446555,0.3150612,0.3449719,-1334.21,-1108.666,-21400.59,0.5209709,0.08166218,2.072656e-05,162.65,8.552512,587725041702338678,179.58978271484375,-1.4584263563156128,136,0.8600000143051147,0.1159999966621398,0.0230000000447034,0.0,1.0,0.0,1.0,Elliptical
1237651735220453487,180.79252577189,1.58000536594027,18.76387,17.43491,16.76237,16.39509,16.15108,5.499684,2.604179,5.553909,0.928212,0.9342923,-861.7851,-137.7124,-11771.48,0.1889412,0.078461,1.048708e-05,66.4828,10.98587,587726013995548781,180.7925262451172,1.580003261566162,142,0.8859999775886536,0.0450000017881393,0.0680000036954879,0.0,1.0,0.5,0.5,Elliptical
1237651735220453501,180.818022657823,1.63546278999898,18.39469,16.51177,15.67672,15.29482,14.99752,8.510209,3.589747,10.73124,0.9729777,0.9375602,-355.4121,-5410.591,-24043.82,1.0,0.04771741,1.625138e-05,114.8067,6.381939,587726013995548794,180.8180389404297,1.6354655027389526,143,0.9330000281333924,0.0439999997615814,0.0219999998807907,0.0,1.0,0.0,1.0,Elliptical
1237648721767104684,178.916131812327,0.369850253134401,19.18494,17.28407,16.41079,16.0036,15.70586,4.862023,2.077706,6.647091,0.8483627,0.8277512,-51.69614,-3009.912,-16085.53,1.0,0.06512749,1.307837e-05,132.3149,4.905847,588848900449042612,178.91612243652344,0.3698446750640869,137,0.878000020980835,0.1220000013709068,0.0,0.0,1.0,0.0,1.0,Elliptical
1237648722840780876,178.659675028815,1.25297080258776,20.15533,18.12264,16.98724,16.52594,16.18394,5.202847,2.207755,7.467137,0.6871037,0.6766412,-101.4056,-1464.864,-6855.317,1.0,0.154614,2.996343e-05,238.0225,12.18705,587726031174238322,178.65965270996094,1.2529537677764893,124,0.8410000205039978,0.0230000000447034,0.1360000073909759,0.0,1.0,0.0,1.0,Elliptical
1237648722841108622,179.402560827836,1.14077475786965,17.27169,15.74923,14.9789,14.57216,14.22293,10.6468,4.638664,12.04219,0.490839,0.4741404,-5199.644,-5358.035,-60131.21,0.4448002,0.03620356,1.00721e-05,110.6265,4.545175,588848901523046553,179.40257263183594,1.140775203704834,272,0.0289999991655349,0.9430000185966492,0.0289999991655349,0.6359999775886536,0.363999992609024,1.0,0.0,Spiral
1237651752399732854,180.051289117599,1.42383337819765,20.13452,18.00069,16.92065,16.4818,16.12767,3.862249,1.67484,5.566569,0.8365681,0.8637146,-97.02593,-1490.24,-7152.558,1.0,0.1391277,2.707343e-05,225.0681,11.26049,587726031174828126,180.05128479003906,1.4238269329071045,139,0.9549999833106996,0.0230000000447034,0.0230000000447034,0.0,1.0,0.0,1.0,Elliptical
1237650372092821614,180.611553501541,-1.2632143857532,18.64382,17.35368,16.75216,16.3632,16.15062,6.23326,2.951074,6.035419,0.5433787,0.5761561,-1472.343,-450.6482,-14440.3,0.1209973,0.09209708,8.958908e-06,106.2371,13.0366,587724650867916927,180.61155700683597,-1.2632185220718384,228,0.1879999935626983,0.8119999766349792,0.0,0.3849999904632568,0.6150000095367432,0.8460000157356262,0.1539999991655349,Spiral
1237650372092952638,180.89670938023,-1.30611623804229,19.35583,17.97606,17.11582,16.69056,16.40339,4.981364,2.329328,5.413724,0.8611181,0.8762207,-417.6395,-189.3328,-9044.795,0.3638029,0.1748149,1.839752e-05,142.4682,11.48149,587724650868047948,180.89671325683597,-1.3061176538467407,142,0.8640000224113464,0.0680000036954879,0.0680000036954879,0.3330000042915344,0.6669999957084656,0.6669999957084656,0.3330000042915344,Elliptical
1237650372092952665,180.937277851292,-1.38039685598557,18.24376,16.39622,15.51389,15.1152,14.80893,8.082375,3.498945,11.19015,0.6188002,0.6297728,-175.8379,-6126.795,-33353.37,1.0,0.08226017,1.761041e-05,213.9345,7.920476,587724650868047975,180.93728637695312,-1.3803975582122805,126,0.8970000147819519,0.0769999995827674,0.0260000005364418,0.0,1.0,0.0,1.0,Elliptical
1237650762927767786,180.800434549001,-1.48836414234078,19.02962,17.07547,16.16698,15.74572,15.42241,5.833,2.515505,7.126327,0.6102359,0.6113449,-58.04172,-1788.135,-14196.1,0.965844,0.08233882,1.913446e-05,208.2487,8.116652,587725041702863029,180.8004302978516,-1.488364338874817,139,0.8970000147819519,0.1030000001192092,0.0,0.25,0.75,0.0,1.0,Elliptical
1237650762927767791,180.805861077656,-1.51860961232552,18.9498,17.26494,16.40283,15.92492,15.57419,6.338605,2.899445,6.992499,0.2473728,0.2898826,-1427.659,-230.7218,-17218.45,0.1907061,0.08202761,1.735101e-05,146.9683,8.295419,587725041702863034,180.8058624267578,-1.518610954284668,156,0.8159999847412109,0.163000002503395,0.0199999995529651,0.0,0.0,0.0,0.0,Elliptical
1237651735219863737,179.499209968456,1.47642331452348,19.93821,17.97385,16.69832,16.23164,15.87131,9.231824,3.750818,11.19858,0.6916853,0.7226434,-49.77346,-953.9138,-6247.433,1.0,0.1770778,3.664875e-05,175.0901,12.83702,587726013994958973,179.49920654296875,1.476420760154724,161,0.8930000066757202,0.0179999992251396,0.0890000015497207,0.0,1.0,0.0,1.0,Elliptical
1237651735220453482,180.791090572483,1.55030683868508,19.60344,17.7759,16.8847,16.48514,16.17812,3.868255,1.771226,5.305051,0.4482878,0.455619,-76.5302,-676.5468,-6042.939,0.964423,0.0783061,2.41739e-05,150.9845,9.6671,587726013995548777,180.7910919189453,1.5503040552139282,140,0.9070000052452089,0.0700000002980232,0.0230000000447034,0.0,1.0,0.0,1.0,Elliptical
1237651735756931096,179.895997578364,1.86705875738998,19.20127,17.08639,16.05073,15.50719,15.22343,7.008932,2.969329,8.222547,0.6454456,0.6434132,-261.2626,-1188.719,-18192.02,0.684639,0.07754608,2.100993e-05,180.4733,9.56995,587726014532026539,179.89602661132812,1.867065191268921,133,0.9020000100135804,0.0979999974370002,0.0,0.0,1.0,0.0,1.0,Elliptical
1237651735757258871,180.598337577677,1.87270742984182,20.09373,18.12905,16.90889,16.45266,16.07087,5.411468,2.267281,7.291817,0.6754632,0.6870857,-7.810432,-847.5353,-5658.096,1.0,0.1624673,3.057574e-05,224.7079,11.77067,587726014532354140,180.59832763671875,1.872709274291992,132,0.9769999980926514,0.0,0.0230000000447034,0.0,0.0,0.0,0.0,Elliptical
1237651752399470738,179.49493206334,1.36890568475668,18.31256,16.39406,15.46659,15.02298,14.67495,8.968013,4.150629,8.763927,0.5271313,0.5167581,-2533.177,-4421.51,-33494.83,0.6723366,0.07826395,1.956303e-05,195.8091,8.2816,587726031174566035,179.49493408203125,1.3689101934432983,243,0.1749999970197677,0.800000011920929,0.025000000372529,0.9679999947547911,0.0320000015199184,0.257999986410141,0.7419999837875366,Irregular
1237651752399536277,179.639410366648,1.36999817528027,18.90029,17.05536,16.22314,15.83597,15.53035,4.318619,1.793316,5.10745,0.8055129,0.8695503,-124.4567,-2821.432,-16474.85,1.0,0.04849872,1.50469e-05,131.0543,5.235465,587726031174631567,179.639404296875,1.3699989318847656,143,0.8859999775886536,0.090999998152256,0.0230000000447034,0.0,1.0,0.0,1.0,Elliptical
1237651752399667275,179.852576994901,1.43406489052071,17.26893,15.91422,15.27042,14.91085,14.68521,16.21905,7.574135,15.14079,0.5985405,0.5660075,-5874.146,-1313.659,-38688.66,0.0,0.04717178,2.279245e-05,49.68885,11.85714,587726031174762518,179.85256958007812,1.4340620040893557,329,0.06700000166893,0.9110000133514404,0.0219999998807907,0.0790000036358833,0.9210000038146972,1.0,0.0,Spiral
1237651752399667341,179.944870783529,1.33381868342952,19.04297,17.40105,16.57043,16.09049,15.74727,4.598006,2.123561,5.451972,0.3033165,0.3268252,-1094.695,-371.5754,-18244.61,0.3193471,0.07708713,8.842118e-06,134.8459,11.14394,587726031174762628,179.9448699951172,1.3338119983673096,120,0.8379999995231628,0.1080000028014183,0.0540000014007091,1.0,0.0,0.0,1.0,Elliptical
1237651752399732907,180.107276290467,1.40149582301842,19.90189,17.93228,16.8519,16.4066,16.09742,5.803053,2.380317,7.136379,0.7412574,0.7763746,-45.57754,-1280.346,-7436.599,1.0,0.1592101,3.323833e-05,192.0538,12.66962,587726031174828182,180.10726928710938,1.4014898538589478,139,0.9350000023841858,0.0219999998807907,0.0430000014603138,0.0,1.0,0.0,1.0,Elliptical
1237651752399863831,180.317094027172,1.36886888582045,19.7453,17.74144,16.78704,16.36917,16.07137,5.635493,2.239977,7.303049,0.7643036,0.7289482,-115.2154,-1646.66,-6837.927,1.0,0.1047425,2.567797e-05,189.1006,10.88832,587726031174959131,180.31710815429688,1.3688727617263794,133,0.8100000023841858,0.0710000023245811,0.1190000027418136,0.0,1.0,0.5,0.5,Elliptical
1237651752936407159,179.636097844734,1.69400147883977,18.72565,16.88137,15.98967,15.54543,15.20599,12.60795,4.442047,12.26765,0.4999344,0.4447831,-2106.423,-7247.262,-19905.18,1.0,0.07989738,2.04219e-05,186.4205,8.365791,587726031711502456,179.63609313964844,1.693999171257019,182,0.1430000066757202,0.8289999961853027,0.0289999991655349,0.0,1.0,0.6000000238418579,0.4000000059604645,Irregular
1237651752936407184,179.661626742536,1.80915696352743,20.27951,18.16158,17.07895,16.6361,16.23983,5.887975,1.976739,6.700004,0.8592852,0.8655288,-138.7199,-1396.504,-5758.883,1.0,0.1318032,2.672873e-05,211.3097,10.24069,587726031711502473,179.66162109375,1.809154272079468,139,0.8140000104904175,0.0930000022053718,0.0930000022053718,0.0,1.0,0.0,1.0,Elliptical
1237651752936472867,179.797486759535,1.71023291317303,18.99977,17.09242,16.18523,15.75594,15.42089,4.2019,1.781982,5.433642,0.5669392,0.5923354,-37.40562,-2301.43,-18818.65,0.9662085,0.07734343,1.669522e-05,196.2028,6.904236,587726031711568071,179.79747009277344,1.7102304697036743,121,0.9229999780654908,0.0509999990463256,0.0260000005364418,0.0,1.0,0.0,1.0,Elliptical
1237651752936538331,179.960406454415,1.78169435255369,19.79441,17.79191,16.87659,16.46329,16.11058,2.839926,1.267137,3.783355,0.3633622,0.4295264,-80.24021,-1362.734,-7546.413,1.0,0.07821002,1.93144e-05,174.8212,7.740836,587726031711633572,179.9604034423828,1.7816966772079468,139,0.8669999837875366,0.0890000015497207,0.0439999997615814,0.0,1.0,0.0,1.0,Elliptical
1237651752936603784,180.105024263323,1.80209874451955,20.22344,18.0356,16.91577,16.43111,16.09782,4.928957,2.057552,7.008431,0.9816648,0.970349,-161.3895,-1791.65,-6771.389,1.0,0.1613545,2.199108e-05,180.2174,8.371401,587726031711699088,180.1050262451172,1.802104115486145,140,0.9089999794960022,0.0680000036954879,0.0230000000447034,0.0,1.0,0.0,1.0,Elliptical
1237651752936734856,180.378303878072,1.70574967786664,18.61647,17.15009,16.38662,15.97199,15.66853,4.364522,2.081988,4.972785,0.7738079,0.7921519,-936.3126,-568.579,-19290.22,0.4616988,0.07830595,1.095913e-05,128.6719,7.013969,587726031711830155,180.37831115722656,1.705748200416565,162,0.8539999723434448,0.125,0.0209999997168779,0.2000000029802322,0.800000011920929,0.2000000029802322,0.800000011920929,Elliptical
1237651752936734878,180.415654137458,1.79837904641478,18.05669,16.34999,15.54592,15.15232,14.80879,10.68911,4.776922,11.76372,0.9092149,0.8914689,-961.2626,-4788.161,-25829.73,0.9964716,0.07771116,1.917609e-05,120.6037,7.493981,587726031711830176,180.4156646728516,1.798371434211731,269,0.1580000072717666,0.8159999847412109,0.0260000005364418,0.032999999821186,0.9670000076293944,0.8999999761581421,0.1000000014901161,Spiral
1237651752936800311,180.496457147416,1.68911085557763,19.42092,17.51246,16.54783,16.08044,15.73577,3.881592,1.724611,5.083154,0.5138936,0.5320189,-55.23854,-1642.212,-9552.939,1.0,0.0781417,2.063318e-05,224.4465,8.543576,587726031711895617,180.4964599609375,1.689114689826965,134,0.9070000052452089,0.0469999983906745,0.0469999983906745,0.0,1.0,0.0,1.0,Elliptical
1237648721767629004,180.069830871219,0.405080779233047,18.40487,16.63045,15.75376,15.31119,14.98012,9.677194,4.018926,11.48849,0.3576561,0.362953,-2148.997,-8138.564,-29340.31,1.0,0.07740269,1.213622e-05,177.0273,5.4795,588848900449566947,180.06982421875,0.4050764441490173,287,0.1739999949932098,0.8259999752044678,0.0,0.1379999965429306,0.8619999885559082,0.7929999828338623,0.2070000022649765,Irregular
1237648721767629060,180.130015981604,0.374693837608184,19.5569,17.67873,16.73542,16.30517,15.9779,4.188135,1.797796,5.515274,0.4578933,0.4670928,-14.7057,-1429.625,-12001.19,0.9758146,0.08103441,1.575753e-05,158.0653,5.766543,588848900449566997,180.12998962402344,0.3746906518936157,150,0.8600000143051147,0.1400000005960464,0.0,0.6669999957084656,0.3330000042915344,0.3330000042915344,0.6669999957084656,Elliptical
1237648722841305234,179.957270920501,1.07943801837201,19.95776,18.02189,16.69182,16.18129,15.82901,5.75389,2.458385,7.753373,0.8670934,0.8780574,-75.65524,-1916.291,-11434.15,1.0,0.2004199,3.252414e-05,315.9539,12.54863,588848901523243169,179.957275390625,1.0794382095336914,148,0.9380000233650208,0.0209999997168779,0.0419999994337558,0.0,1.0,0.0,1.0,Elliptical
1237651752936669302,180.162530165083,1.68027877873255,18.924,17.01645,16.16213,15.76166,15.48934,4.04353,1.757912,5.330101,0.448824,0.4900983,-45.50882,-2856.893,-16638.39,1.0,0.07738028,1.452307e-05,154.1833,5.669136,587726031711764616,180.16253662109372,1.6802819967269895,146,0.8330000042915344,0.1430000066757202,0.0240000002086162,0.2000000029802322,0.800000011920929,0.2000000029802322,0.800000011920929,Elliptical
1237651752936669345,180.205593560305,1.69372409333377,18.309,16.40342,15.55585,15.14157,14.83018,6.922297,2.869081,9.233525,0.9077737,0.9233137,-430.6309,-7350.906,-30784.9,1.0,0.04851505,1.464765e-05,185.4619,5.659056,587726031711764652,180.20559692382807,1.6937284469604492,120,0.8650000095367432,0.0810000002384185,0.0540000014007091,0.0,1.0,0.0,1.0,Elliptical
1237671126978854988,178.202960035664,0.661967331140394,17.93587,16.47707,15.81876,15.46566,15.22905,5.090055,2.307925,6.377816,0.8754078,0.8641391,-511.1086,-3843.363,-27386.74,0.9130365,0.07820561,7.715235e-06,141.2151,7.272915,588848900985651219,178.20297241210938,0.6619356870651245,191,0.8159999847412109,0.1430000066757202,0.0410000011324882,0.0,1.0,0.0,1.0,Elliptical
1237651735220519091,181.02246047386,1.47685481763965,19.72773,17.80305,16.87255,16.46829,16.14232,3.8454,1.643301,4.570801,0.5169394,0.554642,-160.7042,-1226.891,-6935.292,1.0,0.08260868,2.55971e-05,167.6342,9.148647,587726013995614347,181.02247619628903,1.4768654108047483,122,0.8539999723434448,0.0489999987185001,0.0979999974370002,0.0,1.0,0.0,1.0,Elliptical
1237651735220584651,181.069366859645,1.54624162564561,17.93,16.18811,15.43005,15.06426,14.78916,7.703455,3.413054,9.521103,0.3889142,0.3931609,-832.4792,-3260.301,-34450.79,0.7452946,0.02043952,1.20372e-05,77.69029,4.267938,587726013995679877,181.06936645507807,1.5462450981140137,147,0.8539999723434448,0.1040000021457672,0.0419999994337558,0.0,1.0,0.0,1.0,Elliptical
1237651735220584707,181.174518601799,1.60267146522377,18.31696,16.75967,16.00341,15.61748,15.33673,10.41867,4.63568,10.95704,0.3516896,0.3805189,-1575.762,-378.9432,-24737.01,0.1843047,0.02029542,1.254303e-05,71.49053,8.905809,587726013995679934,181.17453002929688,1.6026779413223269,129,0.8209999799728394,0.1790000051259994,0.0,1.0,0.0,0.0,1.0,Elliptical
1237651752400126150,180.965059446119,1.29506234901128,19.26303,17.27241,16.33004,15.88962,15.55032,4.948099,2.307717,6.777174,0.9373457,0.9428381,-96.77251,-2032.674,-13130.51,1.0,0.08315867,1.671847e-05,175.3713,8.963339,587726031175221353,180.96505737304688,1.2950654029846191,128,0.875,0.0750000029802322,0.050000000745058,0.0,1.0,0.3330000042915344,0.6669999957084656,Elliptical
1237651752400126217,181.014758158311,1.37358806930492,18.91486,17.12504,16.16716,15.7179,15.37018,7.863653,2.972323,8.894699,0.7476205,0.7183772,-301.5597,-2993.434,-16440.2,1.0,0.08250936,2.196142e-05,190.4318,10.02962,587726031175221500,181.01475524902344,1.3735893964767456,130,0.8289999961853027,0.1430000066757202,0.0289999991655349,0.2000000029802322,0.800000011920929,0.2000000029802322,0.800000011920929,Elliptical
1237650372092690555,180.251102879017,-1.38946456272267,18.83685,17.19854,16.45641,16.06058,15.78046,5.120319,2.239542,6.082706,0.5749599,0.5751777,-224.0234,-1010.137,-13959.81,0.7462693,0.03541545,1.042448e-05,67.32305,8.629884,587724650867785828,180.2511138916016,-1.3894647359848022,139,0.9020000100135804,0.0979999974370002,0.0,0.0,1.0,0.0,1.0,Elliptical
1237650372093149379,181.42718015811,-1.385846627375,19.46736,17.47569,16.26598,15.78212,15.42391,7.154483,3.046941,9.517486,0.8964037,0.916109,-27.75352,-1783.9,-15830.71,0.9479312,0.1728256,3.389342e-05,331.5559,15.99201,587724650868244696,181.42718505859372,-1.3858439922332764,141,0.8640000224113464,0.090999998152256,0.0450000017881393,0.0,1.0,0.0,1.0,Elliptical
1237650762390438022,179.753448135394,-1.91175651660795,20.04573,18.22479,17.03776,16.50203,16.09207,6.166384,2.585533,8.358644,0.7280843,0.7420661,-18.58323,-776.9337,-4610.662,1.0,0.1669946,3.409097e-05,222.2793,11.89665,587725041165533305,179.75344848632812,-1.9117627143859863,154,0.9390000104904176,0.0410000011324882,0.0199999995529651,0.0,1.0,0.0,1.0,Elliptical
1237650762390438030,179.767460117288,-1.92921695473902,19.91819,18.04654,16.83048,16.35629,15.99481,5.64418,2.531465,7.737094,0.7228754,0.7601854,-109.3905,-1215.843,-6289.926,1.0,0.1654153,3.097053e-05,213.7522,12.24966,587725041165533314,179.7674560546875,-1.9292244911193848,167,0.8259999752044678,0.1089999973773956,0.0649999976158142,0.0,1.0,0.0,1.0,Elliptical
1237650762927439951,180.011556635641,-1.61472977766876,18.54115,16.95334,16.16123,15.77858,15.46329,4.119387,1.967375,5.206099,0.8379395,0.8214315,-128.7028,-1047.028,-13958.12,0.829048,0.05214177,1.278715e-05,95.17162,5.743869,587725041702535247,180.01156616210938,-1.614734768867493,141,0.9350000023841858,0.0219999998807907,0.0430000014603138,0.0,1.0,0.0,1.0,Elliptical
1237650762927571054,180.283197127965,-1.61003942575698,19.36097,17.6824,16.73442,16.27196,15.92119,6.410741,2.826358,8.821041,0.6898776,0.6636304,-185.2519,-1735.337,-7343.829,1.0,0.1079257,3.166074e-05,218.3102,14.74921,587725041702666364,180.283203125,-1.610024333000183,124,0.8650000095367432,0.1080000028014183,0.0270000007003545,0.0,1.0,0.25,0.75,Elliptical
1237650762927571098,180.395982321992,-1.51791573572213,19.65633,17.72635,16.64022,16.17177,15.77469,5.912823,2.494277,7.28851,0.522359,0.538525,-60.97826,-1348.555,-8693.822,1.0,0.1296676,2.949165e-05,235.7189,11.17393,587725041702666404,180.3959808349609,-1.5179229974746704,146,0.8330000042915344,0.1669999957084655,0.0,0.0,1.0,0.0,1.0,Elliptical
1237648720694673588,181.816004854188,-0.517885269921027,19.15226,17.39037,16.56635,16.16496,15.88268,3.136402,1.435085,3.409116,0.7445596,0.7724091,-590.7539,-658.9465,-13933.28,0.6672274,0.06299831,1.399977e-05,127.784,4.828177,588848899376611473,181.8160095214844,-0.5178840160369873,120,0.8970000147819519,0.0509999990463256,0.0509999990463256,0.0,1.0,0.0,1.0,Elliptical
1237648721231478906,181.645938099314,-0.0313265568421318,18.88661,17.68852,16.95096,16.54235,16.25651,5.11875,2.412696,6.235707,0.7120122,0.6346951,-1361.373,-1236.665,-15525.65,0.4367355,0.1158046,1.352179e-05,165.7777,14.18528,588848899913416849,181.64593505859372,-0.0313276685774326,401,0.0,0.9800000190734864,0.0199999995529651,0.699999988079071,0.3000000119209289,1.0,0.0,Spiral
1237648721231478929,181.679242223374,-0.203876535468958,19.04847,17.11791,16.13845,15.71625,15.35501,5.416891,2.379043,7.209562,0.8571519,0.8572571,-55.07017,-3278.246,-22899.22,0.9937021,0.09275689,2.138479e-05,185.7782,8.512234,588848899913416868,181.6792449951172,-0.2038787007331848,149,0.8640000224113464,0.0450000017881393,0.090999998152256,0.0,1.0,0.0,1.0,Elliptical
1237651735219798136,179.291796600582,1.49523351994646,19.00328,17.13301,16.25204,15.87648,15.54889,5.279768,2.263412,6.957003,0.8115793,0.8304539,-127.8085,-2767.411,-13376.39,1.0,0.09534281,2.205468e-05,180.4858,8.39395,587726013994893433,179.2917938232422,1.495227336883545,127,0.9229999780654908,0.0769999995827674,0.0,0.0,1.0,0.0,1.0,Elliptical
1237651735219798159,179.344194379655,1.49515446583857,17.42024,16.45304,16.09918,15.861,15.69868,7.228636,3.610872,7.205816,0.663089,0.666651,-3225.395,-1761.68,-24654.43,0.2146783,0.04744093,7.528296e-06,12.68042,17.7712,587726013994893363,179.3441925048828,1.4951496124267578,249,0.1889999955892563,0.8109999895095825,0.0,0.930999994277954,0.0689999982714653,0.828000009059906,0.1720000058412552,Spiral
1237651735219798173,179.357821148618,1.47004553056418,19.65576,17.73782,16.67048,16.24972,15.88245,6.00251,2.630192,8.384588,0.9305159,0.9561153,-2.69632,-985.3616,-7771.599,1.0,0.1332895,3.207682e-05,214.6217,12.85607,587726013994893457,179.35781860351562,1.470040202140808,142,0.9549999833106996,0.0450000017881393,0.0,0.0,1.0,0.0,1.0,Elliptical
1237651735756865632,179.7718279508,1.90992420823139,18.10216,16.34459,15.55575,15.16698,14.84269,4.656409,2.059523,5.982403,0.5641854,0.6036443,-133.4646,-3959.031,-27967.43,0.9550656,0.04738384,1.030339e-05,155.7142,4.562397,587726014531960934,179.77182006835938,1.9099212884902956,134,0.9319999814033508,0.0450000017881393,0.0230000000447034,0.0,1.0,0.0,1.0,Elliptical
1237651735756865654,179.811145080846,1.93730504311102,19.02659,17.58958,16.82631,16.43554,16.14255,4.738666,2.06983,5.805822,0.7222564,0.7575751,-30.37921,-663.7701,-6994.642,0.9212818,0.125738,1.621687e-05,179.925,13.01426,587726014531960950,179.81114196777344,1.937301993370056,146,0.8100000023841858,0.1430000066757202,0.0480000004172325,0.0,1.0,0.0,1.0,Elliptical
1237651752399405106,179.240105917916,1.28029423601884,19.44149,17.44959,16.57675,16.15717,15.80352,7.132709,2.815702,8.607671,0.7345061,0.7109528,-306.0537,-2909.806,-9876.313,1.0,0.07931709,2.419466e-05,186.1778,9.524569,587726031174500402,179.2401123046875,1.2802975177764893,123,0.9490000009536744,0.0509999990463256,0.0,0.0,1.0,1.0,0.0,Elliptical
1237651752936472790,179.724814135071,1.73565150283223,18.6566,17.19365,16.69986,16.38187,16.15886,9.447145,4.245322,8.325718,0.752597,0.8142378,-850.5441,-362.691,-9876.079,0.1176528,0.07845777,1.065664e-05,0.0,28.96669,587726031711568016,179.7248077392578,1.7356501817703247,332,0.0240000002086162,0.9520000219345092,0.0240000002086162,0.1000000014901161,0.8999999761581421,1.0,0.0,Spiral
1237674649929056342,180.754231505213,-0.291140289585178,17.32837,15.9121,15.4101,15.11685,14.90151,7.816618,3.960264,7.968319,0.7692812,0.7759379,-9475.11,-1358.945,-55135.44,0.006708124,0.04040124,1.012241e-05,67.61823,7.233379,587722982814122096,180.75421142578125,-0.2911767959594726,398,0.0399999991059303,0.959999978542328,0.0,0.1459999978542328,0.8539999723434448,0.9789999723434448,0.0209999997168779,Spiral
1237674649929515129,181.840462984709,-0.376638929194628,18.16768,17.09341,16.69032,16.47932,16.2726,6.198842,2.824107,6.406586,0.2401199,0.2478676,-1923.422,-98.60857,-17045.66,0.0,0.0221718,5.749689e-06,0.0,105.1585,587722982814646350,181.84043884277344,-0.376664251089096,146,0.9169999957084656,0.061999998986721,0.0209999997168779,0.0,0.0,0.0,0.0,Elliptical
1237650372091969697,178.68893400688,-1.42965642123995,18.87051,17.01004,16.12286,15.70959,15.39098,7.338958,2.858155,9.614588,0.9457493,0.9051688,-82.75986,-3596.908,-18514.62,1.0,0.07704803,1.911384e-05,167.5895,8.975389,587724650867065018,178.68893432617188,-1.4296540021896362,115,0.9470000267028807,0.0260000005364418,0.0260000005364418,0.0,1.0,0.0,1.0,Elliptical
1237650372092035342,178.892645705325,-1.35453132362249,19.06544,17.56115,16.81286,16.36483,16.03248,7.793692,3.484591,10.18212,0.2544188,0.2763307,-1872.634,-1463.474,-15103.9,0.2989391,0.08206546,2.413825e-05,136.0666,13.32247,587724650867130596,178.89263916015625,-1.3545279502868652,296,0.0810000002384185,0.9190000295639038,0.0,0.5809999704360962,0.4189999997615814,0.8389999866485596,0.1609999984502792,Spiral
1237650372092100748,178.929545604284,-1.40201904566229,19.64784,17.71901,16.80919,16.38666,16.06665,3.786896,1.711124,5.149826,0.8645036,0.9325037,-22.98902,-1404.141,-8138.253,1.0,0.08238611,2.283816e-05,149.7591,8.920539,587724650867196037,178.92955017089844,-1.4020164012908936,142,0.8889999985694885,0.06700000166893,0.0439999997615814,0.0,1.0,0.0,1.0,Elliptical
1237650762926915733,178.863090060399,-1.60305580867725,20.03708,18.05415,16.96154,16.53267,16.14924,4.715502,2.069371,6.033584,0.7770604,0.7685791,-23.1118,-741.5992,-5701.834,1.0,0.1500788,2.974459e-05,223.4893,12.09702,587725041702011020,178.86309814453125,-1.6030532121658323,143,0.8669999837875366,0.06700000166893,0.06700000166893,0.0,1.0,0.0,1.0,Elliptical
1237650762927177893,179.494652967949,-1.55768099798556,18.04222,16.80401,16.30231,16.03049,15.79945,9.399879,4.264387,10.71003,0.6622228,0.6630052,-339.6361,-341.6362,-10019.31,0.3912541,0.02022056,2.690614e-05,0.0,67.64255,587725041702273198,179.49464416503906,-1.557680368423462,160,0.871999979019165,0.1059999987483024,0.0209999997168779,0.0,1.0,0.4000000059604645,0.6000000238418579,Elliptical
1237674649927942309,178.291363624108,-0.39898847206325,18.98229,17.12932,16.218,15.82168,15.46363,7.241424,2.946424,10.50398,0.783092,0.7781316,-658.6085,-5822.483,-18724.34,1.0,0.08070773,1.652265e-05,189.4084,6.880257,587722982813073506,178.29135131835938,-0.398998498916626,131,0.8289999961853027,0.0979999974370002,0.0729999989271164,0.0,1.0,0.0,1.0,Elliptical
1237674649928073308,178.651086468673,-0.416091198930375,19.47025,17.59348,16.57741,16.16592,15.78278,5.85316,2.434473,7.733831,0.8330635,0.8446062,-72.45498,-2535.744,-13493.51,1.0,0.1081807,2.55167e-05,191.2758,11.03829,587722982813204559,178.6510772705078,-0.416099488735199,144,0.8180000185966492,0.1140000000596046,0.0680000036954879,0.2000000029802322,0.800000011920929,0.2000000029802322,0.800000011920929,Elliptical
1237674650464682198,178.022311471667,0.0740802682607708,18.3605,16.50106,15.61585,15.2015,14.85583,6.661629,2.688848,9.65818,0.9367939,0.9107185,-1587.683,-11641.72,-33358.69,1.0,0.0598748,1.252004e-05,210.8647,5.141559,587722983349813379,178.02230834960938,0.0740883275866508,138,0.8539999723434448,0.1220000013709068,0.0240000002086162,0.0,1.0,0.0,1.0,Elliptical
